attendance_pct,internal_pct,assignment_pct,previous_cgpa,backlogs,risk_level
82.0,79.7,48.3,6.81,0,MEDIUM
74.3,59.7,63.0,5.1,0,HIGH
83.8,55.7,69.2,4.63,0,MEDIUM
94.3,67.9,100.0,7.09,0,LOW
73.2,65.4,82.8,6.41,1,MEDIUM
73.2,61.2,56.3,6.59,0,MEDIUM
95.0,78.4,81.8,8.04,0,LOW
85.2,82.3,53.3,7.98,0,LOW
70.4,69.3,90.2,7.38,2,HIGH
82.5,90.2,68.4,8.26,1,MEDIUM
70.4,50.9,73.7,4.61,0,HIGH
70.4,65.1,93.6,7.4,1,MEDIUM
78.9,57.2,57.0,5.54,2,HIGH
53.0,40.0,55.4,4.05,2,HIGH
55.3,66.8,66.8,6.53,1,HIGH
69.3,66.2,89.5,5.9,2,HIGH
63.8,90.7,53.7,8.02,0,MEDIUM
79.8,77.5,35.3,7.7,1,MEDIUM
65.1,52.6,68.7,5.96,0,HIGH
59.1,95.8,82.7,7.99,0,MEDIUM
93.6,86.3,91.8,7.65,0,LOW
73.3,76.7,68.5,8.23,0,LOW
76.8,64.6,69.2,6.92,0,LOW
58.9,53.6,91.2,7.41,0,HIGH
69.5,62.4,48.8,7.31,1,MEDIUM
77.3,84.3,69.6,8.82,0,LOW
62.2,96.3,77.7,7.63,0,HIGH
80.5,91.1,81.3,8.99,1,MEDIUM
68.8,60.7,67.9,6.2,0,MEDIUM
72.5,51.2,75.5,5.14,0,HIGH
68.8,70.1,40.2,7.04,2,HIGH
98.2,41.5,65.8,5.66,1,HIGH
75.8,72.8,81.3,7.5,0,LOW
63.3,65.8,61.2,5.9,1,HIGH
85.9,61.0,75.8,6.86,1,MEDIUM
61.3,44.1,81.3,4.58,0,HIGH
78.5,75.7,70.2,7.47,0,LOW
52.5,60.0,77.4,5.96,0,HIGH
60.1,50.5,61.5,5.36,1,HIGH
78.4,24.9,72.1,4.36,1,HIGH
84.9,67.6,83.5,5.9,1,MEDIUM
78.1,94.6,77.2,9.9,1,MEDIUM
74.6,92.9,66.8,7.05,0,LOW
72.4,61.1,78.1,5.8,1,MEDIUM
58.3,59.0,85.0,6.42,1,HIGH
67.4,75.0,46.3,7.72,0,MEDIUM
70.5,53.0,91.2,5.63,1,HIGH
88.7,72.5,70.3,7.03,1,MEDIUM
80.1,79.5,81.0,7.89,0,LOW
54.8,86.4,91.8,7.86,2,HIGH
79.9,66.5,55.8,7.77,0,LOW
71.4,64.9,65.1,7.22,1,MEDIUM
67.9,54.8,71.0,6.54,1,HIGH
83.3,55.6,64.0,5.12,2,HIGH
88.4,64.6,99.3,6.46,0,LOW
87.2,73.5,63.0,6.91,1,MEDIUM
65.9,81.7,67.2,6.91,0,MEDIUM
72.3,56.0,77.9,6.2,2,HIGH
80.0,90.4,58.2,7.9,0,LOW
87.7,63.9,69.5,7.0,0,LOW
70.2,67.7,79.4,5.88,0,MEDIUM
73.8,56.8,70.3,7.35,1,MEDIUM
62.7,31.6,73.7,4.0,0,HIGH
61.6,81.3,67.6,7.86,1,HIGH
85.8,79.1,53.8,8.17,0,LOW
92.3,63.8,79.5,6.01,0,LOW
75.1,69.0,99.6,7.51,0,LOW
88.0,75.7,75.3,6.32,0,MEDIUM
80.3,44.6,78.2,6.28,1,HIGH
68.3,60.1,84.7,6.22,1,MEDIUM
80.3,79.9,57.2,7.12,1,MEDIUM
94.5,49.2,98.8,5.2,1,MEDIUM
75.6,72.4,77.8,7.72,2,MEDIUM
94.8,47.7,97.8,4.87,0,MEDIUM
44.6,75.0,64.7,6.65,0,HIGH
85.9,67.5,100.0,6.55,1,MEDIUM
77.0,43.8,85.9,4.12,0,HIGH
72.4,85.5,82.7,9.44,0,MEDIUM
77.1,57.0,78.3,5.54,0,MEDIUM
52.1,55.8,71.5,6.57,1,HIGH
73.4,71.0,91.8,7.14,2,HIGH
80.3,85.2,77.0,7.18,1,MEDIUM
93.7,52.8,47.5,5.69,1,HIGH
69.8,68.9,59.4,7.45,1,MEDIUM
66.3,74.4,72.4,7.06,0,MEDIUM
70.0,78.4,79.3,8.44,1,MEDIUM
87.0,70.6,74.2,7.76,1,MEDIUM
79.9,62.5,92.1,7.11,1,MEDIUM
69.6,55.6,47.7,5.52,1,HIGH
82.2,69.3,77.0,5.99,0,MEDIUM
77.2,51.9,49.5,5.14,0,HIGH
87.6,24.2,85.6,4.0,1,HIGH
67.6,74.5,73.7,7.66,2,HIGH
72.1,81.6,80.9,5.97,1,HIGH
71.3,32.6,62.9,4.27,0,HIGH
58.4,52.9,92.9,5.83,1,HIGH
79.6,77.3,89.6,7.19,1,MEDIUM
79.1,98.0,83.2,9.89,0,LOW
76.1,68.3,73.2,7.12,0,LOW
73.2,57.1,83.1,7.04,1,MEDIUM
59.0,65.3,65.1,6.4,1,HIGH
71.0,88.6,87.0,8.95,0,MEDIUM
71.9,58.3,98.1,7.39,0,MEDIUM
66.4,56.0,90.0,6.97,0,MEDIUM
74.1,60.8,64.8,5.38,0,HIGH
80.8,53.7,80.1,5.56,2,HIGH
98.6,69.8,56.9,6.61,0,LOW
78.1,92.4,83.0,8.86,0,LOW
79.1,72.8,81.3,7.65,1,MEDIUM
75.1,64.2,48.8,5.82,1,HIGH
53.0,63.6,58.7,6.51,0,HIGH
75.7,44.6,71.0,4.0,1,HIGH
76.7,81.2,70.8,8.84,1,MEDIUM
99.0,66.8,58.1,6.27,0,LOW
73.7,65.3,80.4,6.62,0,MEDIUM
79.6,98.0,78.5,8.61,1,MEDIUM
75.6,72.5,72.3,7.99,0,LOW
62.0,56.7,64.4,4.0,1,HIGH
89.7,61.6,89.7,6.3,0,LOW
85.0,85.2,98.2,7.88,0,LOW
85.5,69.7,68.2,6.52,0,LOW
65.1,46.4,66.4,6.63,0,MEDIUM
92.8,81.8,81.9,7.02,1,MEDIUM
59.2,58.0,70.0,6.68,0,HIGH
83.0,96.1,73.0,9.01,0,LOW
99.0,84.2,85.4,8.9,2,HIGH
64.1,61.3,48.3,5.76,0,HIGH
69.2,87.2,93.5,7.52,0,MEDIUM
77.2,69.0,76.0,7.71,0,LOW
70.0,80.8,69.2,8.0,0,MEDIUM
57.4,75.3,73.8,6.03,0,HIGH
76.8,55.3,74.5,5.44,0,MEDIUM
63.3,58.3,50.8,6.39,0,HIGH
81.7,83.4,95.9,8.51,0,LOW
65.0,63.0,75.6,5.87,2,HIGH
94.6,61.9,81.2,4.0,0,MEDIUM
66.6,53.7,88.3,6.18,0,MEDIUM
72.1,74.4,60.7,6.23,0,MEDIUM
85.8,98.0,81.6,7.25,1,MEDIUM
61.2,52.0,71.3,4.0,2,HIGH
78.7,68.4,86.9,7.44,1,MEDIUM
91.7,89.2,45.2,8.35,0,LOW
56.7,66.8,73.6,6.5,0,HIGH
78.2,74.8,66.6,8.35,0,LOW
79.1,52.1,81.1,6.15,1,MEDIUM
85.4,74.4,81.6,8.5,0,LOW
61.2,65.2,65.1,5.45,1,HIGH
60.2,82.8,65.0,7.77,0,MEDIUM
82.3,85.8,73.5,6.71,1,MEDIUM
79.6,98.0,62.4,8.68,0,LOW
79.0,76.7,86.8,7.17,0,LOW
80.2,72.9,69.8,7.6,0,LOW
67.8,70.9,34.3,7.0,1,MEDIUM
78.8,62.7,69.8,6.89,1,MEDIUM
79.5,73.1,60.5,7.68,0,LOW
67.4,63.6,52.2,8.17,0,MEDIUM
98.4,70.5,57.7,6.68,0,LOW
81.7,87.8,76.5,7.39,2,HIGH
61.7,52.9,93.6,5.9,0,HIGH
83.9,85.1,79.4,7.32,0,LOW
64.3,87.8,66.5,9.33,0,MEDIUM
85.4,66.2,81.4,6.41,0,LOW
89.9,36.2,68.6,4.08,0,HIGH
66.2,58.9,65.3,5.74,0,HIGH
87.6,87.5,58.8,8.7,0,LOW
81.0,67.7,50.5,6.61,0,LOW
85.9,53.0,69.5,5.2,0,MEDIUM
98.8,60.4,77.2,7.56,1,MEDIUM
73.1,80.6,73.6,6.96,1,MEDIUM
67.0,76.2,69.2,7.36,0,MEDIUM
65.3,64.4,61.8,7.03,0,MEDIUM
66.2,62.5,83.5,5.07,0,MEDIUM
75.1,62.1,56.6,6.73,1,MEDIUM
80.1,54.2,85.9,4.95,2,HIGH
79.3,92.2,61.0,9.11,0,LOW
85.9,63.2,64.5,5.65,1,MEDIUM
76.2,86.3,54.5,8.59,1,MEDIUM
93.4,90.8,68.0,9.24,0,LOW
72.8,83.0,88.7,8.5,0,LOW
99.0,61.5,82.2,6.51,1,MEDIUM
83.5,74.1,88.7,7.0,0,LOW
65.7,67.6,82.3,6.27,1,MEDIUM
63.1,54.4,59.5,6.99,0,HIGH
81.8,72.9,70.4,6.54,0,LOW
73.3,50.3,64.1,4.69,0,HIGH
84.6,85.8,93.6,8.54,0,LOW
81.7,61.0,58.2,5.64,0,MEDIUM
75.1,71.0,87.5,6.21,1,MEDIUM
65.8,72.2,87.5,5.9,0,MEDIUM
57.8,64.1,100.0,6.1,2,HIGH
70.6,76.8,69.3,7.31,0,MEDIUM
86.3,60.9,85.0,6.46,1,MEDIUM
78.6,81.1,100.0,8.44,0,LOW
61.1,47.8,66.4,5.77,0,HIGH
78.1,69.9,53.5,6.74,1,MEDIUM
80.6,97.1,48.7,8.64,1,MEDIUM
65.4,53.0,85.0,6.12,1,HIGH
77.8,57.8,48.6,7.07,0,MEDIUM
76.7,75.7,69.8,7.4,1,MEDIUM
62.3,70.7,81.1,6.57,0,HIGH
80.3,73.3,77.6,6.33,0,LOW
82.7,75.3,81.0,6.12,0,LOW
89.0,77.5,78.1,7.96,0,LOW
88.6,84.6,92.9,8.39,1,MEDIUM
59.5,74.1,61.7,7.65,0,MEDIUM
64.7,64.4,65.5,6.4,0,HIGH
82.2,78.1,64.2,8.59,1,MEDIUM
82.2,96.5,86.6,8.37,0,LOW
82.2,66.0,87.6,7.38,0,LOW
99.0,53.4,81.3,5.71,1,HIGH
82.9,84.6,91.6,7.44,3,HIGH
89.6,66.2,58.5,7.11,2,MEDIUM
87.4,35.4,98.3,4.81,0,HIGH
83.8,80.7,96.3,7.94,0,LOW
72.2,60.0,85.3,6.26,0,MEDIUM
85.1,66.6,99.9,6.63,0,LOW
66.7,73.0,51.8,9.02,1,MEDIUM
73.2,70.9,67.7,7.91,0,LOW
70.2,78.6,64.7,8.08,0,MEDIUM
77.0,61.5,85.1,6.39,2,HIGH
99.0,75.7,60.3,8.1,0,LOW
53.6,64.1,85.6,6.9,0,HIGH
84.2,79.1,94.2,7.56,1,MEDIUM
56.6,77.2,84.7,7.16,1,HIGH
70.3,54.0,79.0,5.71,1,HIGH
89.1,84.3,61.2,5.36,1,MEDIUM
76.8,60.0,63.1,6.37,1,MEDIUM
63.1,80.1,92.5,7.22,2,HIGH
67.4,73.5,85.9,8.42,0,MEDIUM
84.2,95.6,74.5,8.71,1,MEDIUM
67.2,64.6,69.1,5.57,0,MEDIUM
78.6,62.8,46.6,6.35,0,MEDIUM
76.5,67.7,60.0,5.9,1,MEDIUM
68.2,63.5,100.0,6.82,0,MEDIUM
99.0,80.0,57.1,7.83,0,LOW
83.6,43.8,77.7,5.83,0,HIGH
51.7,52.2,89.1,5.02,3,HIGH
78.2,52.0,57.4,5.67,1,HIGH
68.1,82.3,77.6,6.67,0,MEDIUM
86.2,93.7,88.1,9.12,2,MEDIUM
66.5,66.4,75.2,7.07,1,MEDIUM
74.6,65.5,100.0,6.98,0,MEDIUM
82.1,69.1,51.6,6.83,1,MEDIUM
86.4,85.4,89.8,8.31,0,LOW
61.6,54.1,72.6,7.07,2,HIGH
72.0,71.6,85.8,6.78,2,HIGH
70.3,82.6,81.2,7.89,0,MEDIUM
68.2,75.5,64.7,6.42,0,MEDIUM
97.2,70.8,78.2,6.26,0,LOW
80.9,83.0,49.0,7.89,0,LOW
60.9,27.5,83.4,4.8,0,HIGH
87.0,78.2,79.2,7.27,0,LOW
99.0,58.2,83.9,5.88,0,MEDIUM
88.4,40.5,89.8,4.51,1,HIGH
57.8,75.7,80.1,6.87,1,HIGH
70.2,88.6,77.1,8.44,0,MEDIUM
91.2,65.9,62.7,5.42,1,MEDIUM
67.5,82.3,65.0,8.79,0,MEDIUM
81.3,92.2,91.6,7.92,1,MEDIUM
85.3,87.7,95.1,8.72,1,MEDIUM
64.9,92.6,71.7,7.47,1,HIGH
75.3,79.1,75.6,8.07,1,MEDIUM
37.1,69.1,62.3,7.38,1,HIGH
63.7,44.0,91.4,5.39,0,HIGH
73.0,64.3,84.3,5.71,1,HIGH
61.0,55.4,100.0,6.07,1,HIGH
95.6,98.0,62.7,7.91,2,MEDIUM
58.8,65.4,69.7,6.37,0,HIGH
70.7,69.8,78.2,7.71,0,MEDIUM
77.6,76.3,84.1,7.98,1,MEDIUM
93.3,68.7,72.0,6.82,0,LOW
58.8,93.4,62.8,7.76,1,HIGH
90.0,58.7,87.3,6.62,1,MEDIUM
76.1,70.9,85.1,6.98,0,LOW
64.2,56.9,62.2,4.12,1,HIGH
81.5,48.2,94.0,6.0,0,MEDIUM
78.4,58.8,91.4,6.1,1,MEDIUM
68.8,67.4,76.9,7.68,2,HIGH
76.8,61.6,76.1,5.43,0,MEDIUM
71.4,57.6,82.8,4.0,1,HIGH
77.4,46.9,62.9,5.51,0,MEDIUM
83.9,66.8,75.4,6.91,1,MEDIUM
95.0,45.4,44.9,4.0,1,HIGH
61.1,79.4,87.3,6.78,0,HIGH
99.0,69.2,53.1,9.05,0,LOW
52.6,46.1,96.0,4.99,2,HIGH
74.2,63.4,70.4,7.02,0,LOW
83.1,56.7,72.0,5.45,0,MEDIUM
79.4,72.8,66.2,5.42,0,MEDIUM
68.5,88.1,71.0,8.03,0,MEDIUM
73.5,39.9,94.9,4.58,1,HIGH
70.1,69.7,40.2,6.56,0,MEDIUM
68.9,65.6,92.9,6.5,1,MEDIUM
86.2,78.1,79.7,7.68,1,MEDIUM
80.3,71.2,58.1,6.86,0,LOW
67.7,56.7,59.9,4.96,0,HIGH
86.8,63.2,98.5,6.81,0,LOW
79.7,56.1,61.8,4.36,1,HIGH
85.8,84.1,58.9,6.25,0,LOW
83.6,68.3,90.9,7.37,1,MEDIUM
66.1,96.5,79.7,9.16,1,MEDIUM
69.3,67.1,61.9,6.65,1,MEDIUM
85.0,57.4,78.0,4.9,0,MEDIUM
83.3,45.3,60.6,4.6,0,HIGH
75.7,41.0,90.4,4.66,0,HIGH
77.4,44.2,89.9,4.0,0,HIGH
91.3,72.0,82.4,6.45,0,LOW
68.9,75.6,80.1,7.82,0,MEDIUM
82.6,44.3,99.7,6.24,1,HIGH
73.6,81.4,75.0,7.36,2,HIGH
73.4,60.8,58.5,6.86,2,HIGH
89.2,70.2,81.3,5.38,2,HIGH
85.9,92.2,100.0,8.98,1,MEDIUM
85.8,81.5,60.8,7.06,0,LOW
91.7,64.0,69.9,6.72,0,LOW
76.3,54.6,80.8,5.63,1,HIGH
84.2,35.7,74.2,5.56,1,HIGH
72.3,57.2,61.2,5.31,0,HIGH
79.9,64.8,90.7,7.04,1,MEDIUM
74.4,53.2,100.0,5.5,0,HIGH
77.2,66.0,77.7,6.5,0,LOW
83.1,69.2,62.3,6.69,2,HIGH
66.2,64.6,53.3,5.85,0,MEDIUM
99.0,58.2,78.6,6.07,2,HIGH
63.9,70.5,90.5,6.89,0,HIGH
61.4,74.6,81.7,7.42,1,HIGH
89.9,51.6,75.0,5.68,0,MEDIUM
85.5,89.2,66.8,8.88,0,LOW
83.5,66.5,59.7,7.4,0,LOW
83.5,68.3,86.7,5.94,1,HIGH
75.9,78.6,87.8,8.2,1,MEDIUM
65.2,71.5,53.4,6.06,0,MEDIUM
76.9,82.3,97.3,8.23,0,LOW
67.9,72.3,83.0,7.56,2,HIGH
87.7,58.8,94.6,4.59,1,HIGH
74.2,73.4,56.2,7.21,1,MEDIUM
66.1,50.8,55.9,5.18,1,HIGH
72.1,69.6,72.9,6.27,0,MEDIUM
81.0,67.5,82.0,7.81,1,MEDIUM
69.2,64.9,100.0,6.02,0,MEDIUM
66.1,66.1,84.9,5.98,0,MEDIUM
78.9,39.8,71.6,4.84,1,HIGH
78.9,59.8,60.6,6.73,0,LOW
69.9,69.4,92.2,6.74,1,MEDIUM
70.3,70.4,61.5,7.86,0,MEDIUM
78.8,52.6,97.8,6.11,1,MEDIUM
58.6,87.0,71.0,6.35,0,MEDIUM
59.1,55.0,97.3,5.43,0,HIGH
67.4,82.5,84.5,7.33,1,MEDIUM
73.4,74.4,73.1,7.59,2,HIGH
79.7,58.3,67.7,4.0,1,HIGH
93.7,94.6,70.2,9.9,0,LOW
86.3,50.1,81.0,5.93,2,HIGH
74.1,81.8,76.1,7.84,0,LOW
75.8,83.0,66.7,8.76,0,LOW
64.0,57.9,72.7,7.93,0,HIGH
75.8,88.9,76.1,8.92,0,LOW
72.5,64.2,45.2,7.26,0,MEDIUM
79.9,72.3,81.4,7.17,1,MEDIUM
66.1,71.9,61.3,6.92,0,MEDIUM
82.2,66.0,58.9,6.24,2,HIGH
94.4,80.2,51.4,6.95,0,MEDIUM
74.7,79.9,49.9,7.04,1,MEDIUM
80.8,41.8,56.0,4.0,0,HIGH
84.3,87.6,65.1,8.07,1,MEDIUM
71.2,43.1,100.0,4.0,0,HIGH
78.7,83.5,67.6,8.0,0,LOW
76.2,84.9,77.5,7.91,0,LOW
77.2,51.6,80.6,5.73,0,MEDIUM
66.7,61.8,76.8,5.91,1,HIGH
76.3,51.4,73.9,8.06,0,LOW
82.0,64.8,58.3,7.62,0,LOW
93.4,63.4,95.3,5.44,1,MEDIUM
87.5,79.7,100.0,7.76,0,LOW
99.0,87.7,51.4,7.65,1,MEDIUM
66.8,88.9,60.7,7.41,0,MEDIUM
86.5,59.6,71.1,5.1,0,MEDIUM
78.2,64.9,61.5,6.89,0,MEDIUM
99.0,42.7,82.1,4.45,0,HIGH
66.3,55.9,64.8,6.69,1,HIGH
65.9,82.5,100.0,8.57,1,MEDIUM
68.8,92.2,91.7,9.56,0,MEDIUM
50.5,49.5,78.0,4.78,0,HIGH
69.7,59.1,89.4,6.52,1,HIGH
66.9,67.6,90.5,7.24,1,MEDIUM
77.8,72.2,67.1,6.67,0,LOW
80.1,55.9,63.6,5.29,0,MEDIUM
98.5,74.4,76.1,8.49,0,LOW
87.4,60.9,87.1,6.44,0,LOW
69.1,67.8,76.9,7.25,0,MEDIUM
65.2,76.2,52.9,6.68,1,MEDIUM
81.9,68.1,63.8,5.79,1,MEDIUM
60.2,61.5,74.0,5.85,0,HIGH
98.0,66.4,73.9,6.55,1,MEDIUM
90.2,66.7,100.0,5.82,0,MEDIUM
70.4,62.4,55.6,6.36,2,HIGH
55.4,64.1,82.1,5.14,0,HIGH
92.2,92.0,95.8,7.54,1,MEDIUM
74.6,76.4,100.0,7.89,1,MEDIUM
90.9,63.6,69.3,6.93,0,MEDIUM
56.9,78.5,81.9,7.18,1,HIGH
68.8,63.0,83.0,5.6,0,MEDIUM
76.1,85.6,77.7,7.17,0,LOW
76.6,73.5,73.6,6.85,1,MEDIUM
70.6,66.4,81.1,7.16,0,MEDIUM
83.5,74.7,39.5,7.97,0,LOW
63.2,44.4,84.5,4.71,2,HIGH
74.3,51.1,76.8,4.65,0,HIGH
77.4,50.1,71.9,5.72,1,HIGH
82.2,70.1,100.0,6.25,0,LOW
84.5,94.0,65.6,8.16,0,LOW
62.5,98.0,69.4,9.9,0,MEDIUM
57.6,77.6,100.0,8.09,1,HIGH
91.3,75.5,63.4,7.41,1,MEDIUM
80.0,41.0,67.3,4.0,3,HIGH
67.0,59.9,72.9,6.36,1,HIGH
94.6,56.2,86.8,6.78,1,MEDIUM
77.4,58.7,77.9,5.81,2,HIGH
90.2,65.5,56.9,7.66,0,LOW
76.8,60.9,67.5,7.3,0,LOW
99.0,38.3,66.5,6.01,1,HIGH
97.1,79.2,73.9,7.79,1,MEDIUM
73.0,51.9,81.0,6.1,1,HIGH
87.7,71.6,80.9,8.14,1,MEDIUM
83.7,98.0,50.1,9.22,0,LOW
92.4,54.2,89.9,5.39,0,MEDIUM
64.4,30.0,78.5,4.0,0,HIGH
84.2,63.7,94.4,6.65,1,MEDIUM
88.7,84.5,81.2,6.88,1,MEDIUM
54.9,97.4,90.4,8.7,0,HIGH
61.8,49.6,81.5,6.35,0,HIGH
51.5,75.5,93.8,5.53,0,HIGH
72.8,61.0,82.3,7.5,0,LOW
84.6,66.4,73.6,7.55,2,MEDIUM
94.0,98.0,100.0,8.49,1,MEDIUM
76.9,45.5,87.4,5.62,0,MEDIUM
95.5,71.8,83.0,7.03,0,LOW
59.4,75.0,57.1,8.24,0,MEDIUM
55.6,84.3,57.0,8.69,0,MEDIUM
75.3,69.5,79.1,5.74,2,HIGH
80.6,72.6,77.0,7.55,0,LOW
75.6,62.1,66.4,6.18,2,HIGH
51.2,72.0,77.0,7.11,1,HIGH
74.9,62.9,97.2,5.82,2,HIGH
60.3,77.3,84.7,8.81,1,HIGH
84.0,62.5,59.0,7.2,0,LOW
80.4,73.7,73.4,6.56,0,LOW
64.7,67.6,63.7,5.66,0,HIGH
69.8,84.9,69.6,7.63,0,MEDIUM
63.3,67.2,69.2,7.05,0,MEDIUM
75.2,41.4,68.3,5.09,0,HIGH
87.5,86.9,57.4,9.09,0,LOW
64.2,54.4,73.2,6.44,0,HIGH
82.0,58.2,67.2,6.85,0,MEDIUM
69.6,59.1,34.0,6.4,1,HIGH
66.5,88.6,100.0,7.09,0,MEDIUM
74.7,36.0,90.2,4.36,3,HIGH
63.6,98.0,69.7,9.71,0,MEDIUM
69.4,83.8,75.3,7.83,1,MEDIUM
61.6,71.3,58.6,7.4,0,HIGH
99.0,67.2,98.7,6.45,0,LOW
76.4,72.3,100.0,6.24,1,MEDIUM
67.6,75.8,77.2,7.21,2,HIGH
78.6,77.7,89.3,7.68,1,MEDIUM
74.7,76.3,77.5,6.82,1,MEDIUM
73.3,69.3,56.3,6.67,1,MEDIUM
83.4,65.0,69.2,5.8,1,MEDIUM
85.1,65.7,76.8,7.5,0,LOW
69.6,65.1,68.6,6.32,2,HIGH
69.1,85.0,71.9,9.11,0,MEDIUM
72.7,76.9,73.7,8.61,0,LOW
48.4,23.9,73.9,4.0,3,HIGH
57.8,77.8,75.7,6.64,0,MEDIUM
92.4,70.9,60.2,5.3,1,MEDIUM
95.7,67.7,65.0,5.56,0,MEDIUM
73.0,62.2,57.0,5.25,1,HIGH
82.9,84.9,88.7,9.04,0,LOW
79.7,82.2,45.5,7.85,0,LOW
99.0,56.4,91.2,6.26,0,MEDIUM
89.4,74.1,94.4,5.41,0,MEDIUM
74.5,53.4,70.8,4.78,0,HIGH
64.5,47.3,38.6,6.02,0,HIGH
56.7,58.6,69.9,6.33,1,HIGH
78.4,80.9,74.1,7.55,0,LOW
66.9,82.3,60.9,8.21,0,MEDIUM
58.9,75.7,67.8,8.61,0,MEDIUM
68.2,78.9,96.4,7.34,1,MEDIUM
63.0,75.7,84.3,7.36,1,HIGH
96.2,58.4,62.1,6.24,0,MEDIUM
86.6,74.5,52.6,9.13,0,LOW
75.9,80.0,70.4,5.92,0,MEDIUM
93.8,79.3,72.0,8.1,0,LOW
76.9,85.8,81.9,7.92,1,MEDIUM
65.7,78.6,67.5,7.96,0,MEDIUM
94.3,73.3,82.2,6.6,0,LOW
82.5,84.1,100.0,7.84,0,LOW
63.6,67.6,86.4,7.3,1,HIGH
73.7,54.8,74.3,8.32,0,MEDIUM
65.5,65.6,72.4,7.24,0,MEDIUM
59.4,56.8,70.0,5.3,2,HIGH
87.1,57.9,91.5,5.71,0,MEDIUM
98.9,65.8,66.2,6.25,1,MEDIUM
59.2,56.1,75.6,4.49,1,HIGH
82.8,63.4,75.7,6.17,1,MEDIUM
68.2,39.6,68.0,5.36,2,HIGH
70.2,71.2,55.8,5.96,1,HIGH
68.9,68.0,79.5,7.6,0,MEDIUM
65.6,55.7,74.1,6.29,2,HIGH
76.6,77.9,82.0,6.86,1,MEDIUM
66.0,82.1,67.5,7.63,0,MEDIUM
79.2,43.9,92.1,6.35,0,HIGH
75.4,56.6,62.7,6.55,0,MEDIUM
73.1,56.5,99.0,5.96,0,HIGH
65.1,53.9,50.5,5.58,0,MEDIUM
69.1,80.4,81.1,7.69,0,MEDIUM
85.1,65.1,81.7,6.15,0,LOW
82.0,64.0,63.9,4.8,0,MEDIUM
64.3,37.9,80.9,6.29,1,HIGH
77.2,77.5,92.9,7.55,0,LOW
85.0,49.4,44.0,5.78,0,HIGH
56.0,68.9,82.0,6.78,0,HIGH
82.5,72.2,40.1,6.46,1,MEDIUM
68.0,88.4,61.5,8.04,1,MEDIUM
82.8,48.4,97.8,4.11,1,HIGH
66.8,22.7,66.9,5.41,0,HIGH
54.3,70.8,58.6,5.97,0,HIGH
56.5,95.0,72.2,7.82,0,MEDIUM
76.6,86.6,100.0,7.71,0,LOW
79.1,71.1,49.4,8.01,0,LOW
65.1,60.6,60.3,6.26,1,MEDIUM
83.7,80.1,96.0,6.62,0,LOW
56.1,53.4,100.0,6.74,0,HIGH
75.2,75.1,73.6,7.84,1,MEDIUM
61.5,75.6,57.7,7.72,2,HIGH
68.2,83.9,100.0,8.45,0,MEDIUM
76.6,98.0,97.3,9.9,0,LOW
65.7,73.9,84.5,8.92,1,MEDIUM
71.4,60.4,63.6,5.68,0,MEDIUM
88.1,67.6,74.3,8.03,0,LOW
69.1,41.5,72.8,5.21,1,HIGH
86.0,57.6,79.6,6.43,0,MEDIUM
62.4,61.9,95.3,4.98,1,HIGH
82.4,60.1,87.3,6.07,1,MEDIUM
93.3,70.3,59.9,6.27,1,MEDIUM
46.3,55.7,94.3,6.56,0,HIGH
66.4,84.8,79.4,8.79,1,MEDIUM
82.9,68.0,84.6,5.1,1,MEDIUM
73.6,67.9,95.5,6.73,1,MEDIUM
80.5,63.1,59.4,7.31,1,MEDIUM
68.8,70.3,74.5,6.77,2,HIGH
77.0,80.4,67.6,8.21,2,MEDIUM
74.1,55.0,53.0,6.13,0,MEDIUM
90.0,58.1,79.9,6.34,0,MEDIUM
79.1,63.4,100.0,6.22,0,LOW
80.1,47.8,49.2,4.37,0,MEDIUM
71.1,55.7,74.5,5.0,0,MEDIUM
70.1,60.9,84.0,6.83,0,MEDIUM
70.8,81.1,76.7,7.69,0,MEDIUM
80.7,71.9,73.4,6.92,0,LOW
70.9,70.9,56.8,6.62,2,HIGH
79.5,80.8,78.3,7.41,1,MEDIUM
99.0,65.9,64.4,7.45,1,MEDIUM
86.5,73.9,44.3,6.9,0,MEDIUM
72.1,66.5,91.7,5.58,3,HIGH
90.4,72.0,88.4,7.63,0,LOW
71.1,59.3,75.7,5.98,0,HIGH
51.5,31.4,78.2,4.22,0,HIGH
63.9,66.0,90.0,7.91,0,MEDIUM
53.6,89.3,78.1,8.24,1,HIGH
71.8,81.9,87.7,7.96,0,MEDIUM
76.2,82.5,70.8,6.83,1,MEDIUM
96.1,86.5,93.4,7.88,2,MEDIUM
79.9,69.3,79.5,7.34,0,LOW
73.4,71.0,77.7,5.72,0,MEDIUM
86.0,58.7,57.2,6.27,0,MEDIUM
49.5,63.3,79.0,6.51,0,HIGH
78.8,77.2,63.4,7.44,0,LOW
85.3,86.1,66.1,8.85,1,MEDIUM
58.3,65.9,63.6,6.88,1,HIGH
89.7,61.2,60.1,7.47,1,MEDIUM
80.1,68.0,100.0,5.97,0,MEDIUM
71.0,77.0,93.6,7.5,0,MEDIUM
83.6,46.3,100.0,5.31,1,MEDIUM
99.0,33.6,57.9,4.0,1,HIGH
78.2,59.7,76.0,6.95,0,LOW
79.0,49.7,56.9,7.34,2,HIGH
70.5,60.4,65.3,6.21,1,MEDIUM
65.8,65.8,62.1,7.01,0,MEDIUM
86.0,61.2,92.4,6.35,0,LOW
65.7,89.8,69.5,7.71,0,MEDIUM
76.9,72.9,90.0,5.65,0,MEDIUM
70.3,72.5,83.5,6.51,0,MEDIUM
81.7,77.3,100.0,6.3,0,LOW
80.0,50.9,54.3,6.93,1,MEDIUM
88.5,83.6,92.6,7.76,2,MEDIUM
69.9,66.9,91.1,6.4,1,MEDIUM
72.8,78.1,61.4,8.18,0,LOW
64.3,51.9,89.1,4.74,0,HIGH
70.7,44.7,79.7,4.52,0,HIGH
80.5,80.3,71.8,7.67,1,MEDIUM
85.1,73.6,63.5,7.98,1,MEDIUM
64.9,54.5,64.9,6.21,1,HIGH
86.4,55.0,100.0,6.05,1,MEDIUM
92.3,84.9,75.0,8.0,0,LOW
81.0,50.2,85.9,5.83,1,HIGH
98.5,92.6,63.9,8.65,0,LOW
66.7,54.5,64.1,4.99,0,HIGH
61.1,77.6,90.1,7.47,1,HIGH
54.7,63.1,56.1,5.56,1,HIGH
94.0,77.0,69.2,7.46,0,LOW
83.9,59.8,75.5,5.8,1,HIGH
75.3,65.6,76.6,8.62,1,MEDIUM
79.4,68.6,72.5,6.77,1,MEDIUM
62.5,53.0,80.5,4.58,2,HIGH
99.0,79.1,84.7,7.43,0,LOW
77.6,60.3,85.3,6.64,0,LOW
77.3,64.6,61.2,7.86,2,HIGH
84.7,53.1,71.0,5.24,0,MEDIUM
81.8,29.6,91.7,4.0,0,HIGH
78.7,65.1,87.5,7.21,0,LOW
66.5,98.0,55.8,7.76,0,MEDIUM
81.7,79.8,79.9,7.23,0,LOW
98.6,67.7,47.3,6.53,1,MEDIUM
92.1,64.1,75.7,6.43,1,MEDIUM
95.1,68.3,100.0,7.33,0,LOW
69.9,76.2,61.7,6.79,0,MEDIUM
64.1,50.3,63.3,5.3,0,HIGH
74.5,84.7,85.7,7.92,2,HIGH
76.7,78.7,53.4,7.63,0,LOW
89.1,78.8,66.1,7.59,0,LOW
55.7,74.6,83.4,7.57,2,HIGH
94.4,68.3,66.1,7.46,2,HIGH
74.1,78.1,71.7,7.78,0,MEDIUM
70.9,76.9,85.4,7.74,2,HIGH
63.9,62.7,80.9,5.12,0,HIGH
56.1,59.4,78.7,6.2,0,HIGH
85.9,69.5,70.3,7.25,0,LOW
76.9,91.2,80.2,8.97,1,MEDIUM
60.5,49.4,73.3,4.91,2,HIGH
60.5,46.0,81.4,4.69,0,HIGH
72.0,70.5,68.0,6.47,0,MEDIUM
96.0,68.8,72.4,7.24,1,MEDIUM
72.9,70.6,61.1,7.77,2,HIGH
58.0,71.7,74.5,6.69,2,HIGH
73.1,64.7,63.6,7.25,0,LOW
72.7,90.3,59.4,8.42,2,HIGH
43.6,44.0,78.6,4.98,0,HIGH
75.3,55.6,78.0,5.72,0,MEDIUM
73.2,66.5,86.0,7.25,1,MEDIUM
84.4,43.4,69.0,5.3,0,HIGH
98.2,65.4,80.7,8.4,1,MEDIUM
89.5,92.9,82.7,7.82,1,MEDIUM
72.8,68.3,81.2,7.2,1,MEDIUM
62.7,71.5,63.4,6.58,1,HIGH
99.0,49.1,77.1,4.74,0,MEDIUM
76.7,58.8,80.1,6.1,0,MEDIUM
76.2,62.4,75.1,6.48,0,LOW
75.7,63.2,45.8,8.76,0,LOW
78.4,87.2,77.2,7.96,2,HIGH
74.3,76.4,100.0,6.44,1,MEDIUM
69.1,51.3,70.0,5.81,1,HIGH
69.4,71.7,64.8,5.36,0,MEDIUM
75.6,75.5,80.2,7.21,0,LOW
69.5,85.1,79.4,7.97,0,MEDIUM
67.4,91.7,91.7,9.06,0,MEDIUM
77.3,52.8,57.4,6.47,0,MEDIUM
72.9,55.8,85.2,5.51,0,HIGH
94.0,49.1,83.3,5.32,1,HIGH
44.2,64.5,73.0,5.9,0,HIGH
89.1,75.0,79.7,6.35,0,LOW
91.0,82.8,89.4,8.04,0,LOW
51.1,66.9,87.2,5.66,1,HIGH
71.9,63.2,59.0,6.09,0,MEDIUM
71.5,70.3,86.5,6.12,0,MEDIUM
59.1,55.5,74.1,6.32,0,HIGH
66.7,98.0,76.0,9.9,0,MEDIUM
62.7,43.9,76.0,4.03,1,HIGH
97.0,70.8,72.9,5.47,0,MEDIUM
87.2,98.0,91.7,8.76,0,LOW
91.3,68.1,73.8,6.78,0,MEDIUM
84.7,65.1,59.3,6.74,1,MEDIUM
62.5,62.6,69.5,6.03,1,HIGH
69.7,65.3,77.5,6.41,0,MEDIUM
81.9,88.6,92.2,8.5,2,MEDIUM
61.3,34.8,83.4,5.27,0,HIGH
84.6,91.0,63.1,6.81,0,LOW
73.1,46.6,100.0,4.97,0,HIGH
71.5,64.0,78.7,6.65,0,MEDIUM
84.5,61.6,92.9,5.57,0,MEDIUM
81.3,76.8,72.9,8.76,1,MEDIUM
71.7,44.0,82.5,4.57,0,HIGH
89.9,74.9,86.8,7.21,0,LOW
63.0,98.0,92.1,9.3,1,HIGH
83.4,47.6,89.8,4.86,1,HIGH
83.1,70.8,87.2,5.48,1,MEDIUM
72.3,58.1,70.6,5.72,0,HIGH
79.9,74.4,67.0,8.03,0,LOW
61.0,68.3,79.7,6.51,0,HIGH
87.1,58.4,88.1,5.41,0,HIGH
73.8,75.3,71.9,8.01,1,MEDIUM
69.7,95.1,89.9,8.39,0,MEDIUM
88.6,65.1,95.3,6.15,0,LOW
67.5,78.8,62.2,7.64,2,HIGH
59.1,48.6,63.3,6.02,0,HIGH
57.3,53.7,73.0,7.66,1,HIGH
83.3,75.1,79.3,7.92,1,MEDIUM
60.6,90.3,67.7,9.25,0,MEDIUM
97.1,73.3,93.9,6.73,0,LOW
51.0,63.3,80.9,5.61,0,HIGH
96.4,68.0,75.6,6.81,1,MEDIUM
78.5,49.2,54.9,5.53,0,HIGH
74.8,77.1,56.6,6.53,2,HIGH
69.5,81.2,78.9,7.55,1,MEDIUM
80.8,61.2,45.1,6.6,2,HIGH
75.5,60.9,89.2,6.55,2,HIGH
89.2,72.0,72.8,7.44,0,LOW
77.4,61.4,100.0,6.53,1,MEDIUM
77.8,67.0,100.0,6.28,0,LOW
71.6,98.0,72.5,8.45,2,HIGH
75.3,64.3,73.5,5.54,0,MEDIUM
79.7,62.6,88.9,7.81,0,LOW
55.5,58.3,98.8,6.09,0,HIGH
59.8,79.2,52.1,7.36,0,MEDIUM
84.9,65.3,50.0,5.83,1,HIGH
78.1,58.3,66.3,8.43,0,LOW
73.8,87.8,83.2,7.29,0,MEDIUM
76.2,89.3,82.0,7.91,1,MEDIUM
80.2,59.0,90.0,6.46,0,MEDIUM
69.5,40.0,58.2,5.28,0,HIGH
66.7,83.1,42.6,8.58,1,MEDIUM
78.4,57.7,87.0,7.49,0,LOW
64.3,79.9,63.4,8.0,0,MEDIUM
80.9,38.4,46.7,4.0,0,HIGH
55.6,81.4,77.0,7.49,0,MEDIUM
88.3,49.8,86.1,5.73,0,MEDIUM
81.7,79.0,73.3,9.18,0,LOW
79.1,68.2,68.6,5.66,0,MEDIUM
87.8,53.7,72.8,6.72,0,MEDIUM
96.0,61.9,69.8,6.48,0,LOW
88.2,78.3,56.1,8.15,1,MEDIUM
53.9,69.6,65.0,6.79,0,HIGH
60.6,76.8,82.3,6.7,0,HIGH
68.5,97.6,79.5,9.44,2,MEDIUM
76.3,44.5,77.4,5.64,0,HIGH
82.2,92.3,61.1,9.24,0,LOW
67.3,69.6,72.5,6.86,0,MEDIUM
78.2,54.5,44.5,5.34,0,MEDIUM
66.9,48.0,77.5,4.12,1,HIGH
68.7,65.2,95.0,7.22,1,MEDIUM
59.1,81.8,54.4,8.07,2,HIGH
64.9,66.1,66.8,5.85,0,HIGH
59.8,90.7,79.6,7.92,0,HIGH
64.3,46.2,92.5,4.86,0,HIGH
88.6,67.8,68.7,5.56,0,MEDIUM
64.6,49.2,65.3,4.79,1,HIGH
99.0,73.5,47.4,6.23,1,MEDIUM
81.9,81.3,76.4,7.36,1,MEDIUM
78.2,61.7,100.0,5.73,1,MEDIUM
65.7,28.9,78.9,4.0,0,HIGH
84.4,71.0,74.7,8.59,1,MEDIUM
69.1,74.6,79.5,8.22,1,MEDIUM
77.5,74.1,74.8,6.56,0,LOW
99.0,86.5,63.6,8.28,0,LOW
74.8,51.9,86.5,5.97,1,HIGH
89.8,78.2,78.2,8.43,2,MEDIUM
67.6,85.9,75.2,7.36,0,MEDIUM
75.6,41.3,61.3,5.77,1,HIGH
97.2,72.8,93.2,6.66,0,MEDIUM
68.5,60.4,84.3,5.16,0,MEDIUM
97.7,66.8,67.3,7.25,0,LOW
84.5,73.2,89.0,8.16,0,LOW
69.3,60.7,68.0,8.32,0,MEDIUM
83.6,57.9,64.1,5.09,1,HIGH
87.7,68.5,64.4,7.35,0,LOW
83.5,51.7,50.2,5.29,3,HIGH
57.2,51.7,81.6,6.25,1,HIGH
67.3,78.2,49.4,6.3,0,MEDIUM
73.0,50.8,57.8,4.54,0,HIGH
75.1,78.0,45.9,6.84,0,MEDIUM
83.4,74.9,73.8,7.31,1,MEDIUM
78.1,42.1,72.9,4.44,1,HIGH
60.0,57.8,70.4,6.58,1,HIGH
80.6,85.9,60.4,8.84,1,MEDIUM
83.3,53.3,58.6,6.21,0,MEDIUM
82.7,61.0,81.5,7.57,1,MEDIUM
89.0,74.9,67.3,7.58,0,LOW
86.0,79.8,79.4,6.61,1,MEDIUM
81.5,64.2,62.6,7.59,1,MEDIUM
75.2,59.0,77.5,5.65,0,MEDIUM
56.1,89.3,93.2,8.98,0,MEDIUM
81.2,94.1,83.2,9.84,0,LOW
78.5,82.7,69.2,8.15,0,LOW
79.3,69.3,78.6,5.65,1,MEDIUM
60.7,55.9,71.6,5.18,1,HIGH
63.0,55.5,75.1,6.95,0,HIGH
88.6,75.8,70.4,7.17,1,MEDIUM
75.5,74.3,72.7,7.26,0,LOW
84.2,89.0,78.0,8.84,1,MEDIUM
76.3,77.8,61.1,8.0,0,LOW
76.4,45.5,60.8,5.4,1,HIGH
87.3,83.8,55.6,7.7,2,MEDIUM
69.8,53.0,52.6,5.46,0,HIGH
77.2,62.2,58.0,7.04,0,LOW
70.5,71.8,77.2,7.47,1,MEDIUM
70.8,97.9,62.5,8.65,0,MEDIUM
72.3,98.0,82.2,9.73,1,MEDIUM
78.7,77.1,75.5,7.29,0,LOW
70.3,65.3,47.4,5.89,0,HIGH
91.1,76.0,84.2,6.71,0,LOW
65.3,81.3,86.4,6.91,1,MEDIUM
73.8,63.2,61.1,6.21,0,MEDIUM
70.7,94.9,80.9,9.63,2,HIGH
93.4,71.5,63.0,6.36,0,LOW
78.4,75.5,76.4,7.43,1,MEDIUM
88.4,78.0,57.3,6.93,1,MEDIUM
58.2,74.3,49.9,6.99,0,HIGH
79.2,80.6,69.6,6.43,1,MEDIUM
86.7,58.7,73.3,5.94,1,HIGH
77.0,59.6,69.4,6.02,1,MEDIUM
88.8,51.5,58.4,6.04,0,MEDIUM
69.8,74.6,69.4,7.4,0,MEDIUM
92.9,79.7,78.8,6.62,0,LOW
99.0,74.9,74.4,8.11,0,LOW
71.6,93.1,77.6,8.69,1,MEDIUM
70.7,67.9,65.6,6.91,0,MEDIUM
93.4,78.0,91.4,7.45,0,LOW
95.0,51.6,58.5,5.2,2,HIGH
69.7,62.2,81.8,6.53,1,MEDIUM
71.0,78.4,91.5,7.87,0,MEDIUM
72.6,80.7,81.7,6.25,0,MEDIUM
59.9,63.6,72.2,6.02,2,HIGH
65.0,66.9,67.6,6.48,0,HIGH
64.0,45.2,89.5,5.37,0,HIGH
66.8,62.6,55.1,7.34,0,MEDIUM
75.6,81.4,61.4,7.08,1,MEDIUM
78.8,76.6,69.4,6.97,1,MEDIUM
94.6,75.5,92.3,6.88,2,HIGH
64.0,68.7,80.3,6.17,1,HIGH
87.8,68.1,61.4,6.49,1,MEDIUM
73.4,58.1,70.7,6.68,1,HIGH
75.4,78.5,66.4,6.65,2,MEDIUM
84.1,74.3,65.1,7.54,0,LOW
62.5,75.4,88.7,5.92,0,HIGH
80.6,60.1,55.8,5.76,0,MEDIUM
78.0,35.7,97.5,4.24,0,HIGH
81.9,84.5,86.6,9.25,1,MEDIUM
79.5,60.8,90.3,6.04,1,MEDIUM
99.0,55.1,68.5,4.09,0,MEDIUM
68.3,78.4,72.9,5.89,1,HIGH
69.6,62.1,54.9,6.38,0,MEDIUM
68.5,83.9,67.7,8.36,1,MEDIUM
69.3,77.3,81.9,7.71,0,MEDIUM
68.4,78.3,93.1,7.61,0,MEDIUM
90.3,47.5,59.5,6.26,1,MEDIUM
93.0,86.2,69.9,7.6,0,LOW
69.2,71.9,72.9,7.75,0,MEDIUM
66.0,62.5,55.5,5.07,1,HIGH
81.7,70.2,83.3,6.19,1,MEDIUM
69.4,41.4,64.9,4.0,1,HIGH
83.6,74.1,72.3,6.97,0,MEDIUM
78.4,52.6,68.7,5.64,0,MEDIUM
57.8,47.7,63.9,5.43,0,HIGH
94.6,45.2,74.9,5.21,2,HIGH
97.6,84.7,72.0,7.19,3,HIGH
68.6,58.6,69.8,5.95,1,HIGH
71.3,91.0,64.8,7.17,1,MEDIUM
79.4,60.0,79.5,7.29,1,MEDIUM
80.0,42.4,98.2,4.72,0,HIGH
83.9,51.3,77.0,5.2,2,HIGH
99.0,86.5,88.9,9.33,1,MEDIUM
73.9,65.7,55.5,5.6,0,MEDIUM
66.4,59.8,77.2,5.28,0,HIGH
59.4,70.4,59.6,6.05,0,HIGH
67.2,75.5,54.3,7.23,1,MEDIUM
75.6,84.8,64.6,8.28,1,MEDIUM
97.5,89.7,91.7,8.87,1,MEDIUM
69.8,62.6,88.3,8.44,0,MEDIUM
78.7,48.1,78.4,4.0,1,HIGH
75.8,61.8,53.5,6.81,0,LOW
90.3,71.9,72.3,6.59,0,LOW
99.0,53.5,79.2,5.28,1,HIGH
69.6,53.6,77.5,5.26,1,HIGH
70.1,73.2,49.2,6.39,0,HIGH
88.5,67.3,62.5,8.06,1,MEDIUM
84.2,68.5,74.1,7.47,1,MEDIUM
98.2,56.6,82.5,5.98,0,MEDIUM
83.0,64.5,44.3,7.6,1,MEDIUM
71.7,54.1,72.7,4.58,2,HIGH
83.1,81.4,77.0,6.63,0,LOW
89.3,83.5,86.9,6.1,0,LOW
85.8,40.3,84.7,4.26,0,HIGH
82.1,54.1,83.2,5.91,0,MEDIUM
88.8,45.6,63.8,5.27,0,MEDIUM
90.0,58.2,48.3,6.2,0,MEDIUM
92.6,66.7,69.5,5.54,0,MEDIUM
83.8,46.3,89.0,5.88,1,HIGH
74.0,54.2,94.5,5.98,2,HIGH
77.8,52.9,84.9,6.29,1,MEDIUM
90.5,71.1,81.0,5.46,1,MEDIUM
66.2,69.0,80.3,7.08,0,MEDIUM
80.4,57.2,67.2,5.05,1,HIGH
71.3,70.7,73.2,6.63,1,MEDIUM
76.3,59.8,98.4,6.61,0,MEDIUM
91.3,63.9,61.8,6.55,0,MEDIUM
78.3,93.1,97.6,7.84,0,LOW
76.6,88.1,70.5,8.17,0,LOW
59.7,48.5,93.6,4.17,0,HIGH
85.0,80.4,55.3,8.55,0,LOW
83.7,80.2,83.2,7.45,1,MEDIUM
99.0,50.8,64.7,6.45,1,MEDIUM
72.3,80.3,55.2,7.2,1,MEDIUM
78.6,91.1,78.1,7.96,0,LOW
79.0,51.2,89.1,4.97,0,MEDIUM
94.9,54.2,63.2,6.5,0,MEDIUM
74.9,83.3,54.0,7.26,1,MEDIUM
79.3,72.1,73.7,7.56,1,MEDIUM
83.3,76.3,73.8,7.03,0,LOW
78.2,73.1,82.7,5.54,1,MEDIUM
70.6,73.9,88.3,6.71,1,MEDIUM
78.3,48.1,74.2,4.42,1,MEDIUM
88.9,83.7,100.0,7.89,2,HIGH
63.7,85.5,78.1,7.04,0,MEDIUM
77.6,64.6,70.2,7.26,0,LOW
67.6,67.3,52.4,6.64,1,MEDIUM
90.3,45.0,71.3,5.01,0,MEDIUM
57.7,75.7,70.3,7.82,0,MEDIUM
69.3,76.6,88.4,8.13,0,MEDIUM
80.5,67.1,81.5,6.68,1,MEDIUM
94.8,84.9,58.5,7.32,0,LOW
75.2,63.0,77.4,4.99,1,HIGH
69.3,76.5,84.4,6.8,0,MEDIUM
98.6,52.7,96.4,5.2,0,MEDIUM
58.6,67.6,87.4,6.82,1,HIGH
49.6,65.4,85.7,6.3,1,HIGH
81.3,71.4,75.8,7.55,0,LOW
70.0,62.5,80.4,5.88,0,MEDIUM
63.7,66.0,92.5,6.58,3,HIGH
84.5,80.4,56.3,8.57,0,LOW
78.9,61.4,70.1,6.57,0,LOW
69.2,43.9,64.2,5.03,0,HIGH
60.6,94.2,80.3,8.12,0,MEDIUM
86.5,88.7,92.2,7.7,0,LOW
83.8,48.6,66.6,4.72,0,MEDIUM
74.8,78.3,41.5,7.05,2,HIGH
98.2,60.5,69.2,6.84,0,LOW
63.2,72.0,87.8,6.86,0,HIGH
57.7,72.4,82.5,5.99,2,HIGH
67.7,64.5,81.0,7.93,1,MEDIUM
75.5,56.2,71.1,6.19,0,MEDIUM
78.9,57.6,57.1,4.91,0,MEDIUM
73.1,54.3,82.2,5.44,0,HIGH
80.2,55.5,63.3,5.98,1,MEDIUM
61.0,67.0,100.0,8.05,0,MEDIUM
93.3,57.3,83.0,5.12,0,MEDIUM
75.0,78.2,66.9,8.26,1,MEDIUM
89.4,90.3,66.4,9.44,1,MEDIUM
80.1,59.3,73.7,5.65,0,MEDIUM
81.5,71.6,71.6,6.79,0,LOW
82.8,75.5,90.6,6.46,1,MEDIUM
81.4,75.1,77.6,7.09,1,MEDIUM
83.7,69.1,64.8,6.81,0,LOW
91.9,79.1,100.0,8.07,1,MEDIUM
78.4,75.2,75.7,8.14,1,MEDIUM
84.5,49.4,85.8,4.86,0,MEDIUM
74.9,81.0,66.5,6.1,1,MEDIUM
93.3,81.3,80.1,7.67,0,LOW
67.9,56.6,79.4,6.19,0,MEDIUM
97.6,68.6,48.5,7.0,1,MEDIUM
75.5,78.2,100.0,7.22,2,MEDIUM
58.8,64.9,93.1,6.64,0,HIGH
77.5,84.1,69.4,9.1,0,LOW
67.8,98.0,59.6,9.17,0,MEDIUM
86.1,56.2,79.9,5.64,0,MEDIUM
68.2,47.3,76.2,4.91,3,HIGH
70.6,72.6,80.0,6.94,1,MEDIUM
53.3,78.8,77.7,8.83,2,HIGH
70.6,64.5,82.1,6.37,1,MEDIUM
46.9,89.8,95.3,8.27,1,HIGH
57.0,47.9,83.0,4.97,1,HIGH
85.1,78.4,60.3,8.37,1,MEDIUM
85.4,58.9,94.1,7.69,0,LOW
81.1,93.8,98.0,8.93,1,MEDIUM
64.4,97.9,100.0,8.92,1,HIGH
75.4,56.5,59.3,5.98,0,MEDIUM
76.0,59.8,78.4,4.28,1,HIGH
62.1,80.9,45.9,8.26,0,HIGH
94.0,62.2,82.7,6.46,1,MEDIUM
86.5,67.3,67.3,7.05,1,MEDIUM
73.3,68.4,100.0,6.22,0,MEDIUM
76.3,39.2,64.2,4.44,0,HIGH
78.5,67.8,51.4,6.42,0,LOW
51.5,57.7,68.4,6.85,0,HIGH
73.0,60.6,47.3,5.94,0,HIGH
67.8,89.7,85.5,9.9,0,MEDIUM
64.0,49.2,46.1,5.79,0,HIGH
72.6,80.2,75.4,6.59,0,MEDIUM
97.6,63.8,45.9,6.36,0,MEDIUM
83.7,63.8,70.5,5.94,0,MEDIUM
69.1,79.9,98.0,5.83,2,HIGH
82.9,73.1,80.0,8.4,0,LOW
92.8,76.6,62.9,7.92,2,MEDIUM
87.1,82.5,74.6,8.2,0,LOW
76.7,63.0,75.3,6.54,3,HIGH
68.2,58.8,81.6,5.01,0,HIGH
84.4,51.7,55.9,5.23,0,HIGH
80.7,55.6,83.3,6.57,0,MEDIUM
86.7,98.0,37.1,8.02,1,MEDIUM
83.6,86.7,66.2,6.04,0,LOW
88.6,47.7,68.2,5.16,0,MEDIUM
69.6,48.2,83.9,5.26,0,HIGH
91.8,75.2,75.3,7.37,0,LOW
78.4,76.2,55.3,7.92,1,MEDIUM
99.0,76.2,61.2,7.85,0,LOW
67.7,64.2,77.8,6.7,0,MEDIUM
96.8,66.1,73.9,7.58,0,LOW
78.4,72.9,66.9,5.89,0,MEDIUM
68.2,69.3,68.3,7.25,1,MEDIUM
70.2,34.7,84.7,4.93,1,HIGH
72.2,64.6,67.8,5.53,0,MEDIUM
81.1,55.2,73.8,4.66,3,HIGH
82.3,70.6,100.0,6.35,3,HIGH
69.1,98.0,55.1,8.33,2,HIGH
75.7,73.5,49.1,7.75,1,MEDIUM
99.0,63.3,86.0,5.94,0,MEDIUM
96.7,81.8,65.5,7.04,1,MEDIUM
81.2,75.2,70.5,6.78,1,MEDIUM
76.5,74.3,64.1,8.1,0,LOW
77.4,77.1,71.4,7.41,1,MEDIUM
83.4,98.0,97.4,8.72,1,MEDIUM
63.7,51.0,86.2,5.48,1,HIGH
72.9,75.1,87.1,8.29,0,LOW
56.0,54.1,55.2,5.19,0,HIGH
80.8,76.3,58.9,8.4,0,LOW
83.8,54.2,35.3,5.96,0,HIGH
70.2,61.7,63.7,6.19,2,HIGH
94.9,63.6,88.4,8.45,0,LOW
61.3,82.6,82.2,6.94,1,HIGH
58.4,81.8,71.9,7.44,0,MEDIUM
78.7,49.3,74.7,4.47,2,HIGH
88.6,68.8,65.4,7.58,1,MEDIUM
96.2,57.4,77.9,7.37,1,MEDIUM
70.5,49.1,85.7,6.77,0,MEDIUM
88.9,64.7,52.4,7.51,1,MEDIUM
75.5,63.4,79.2,6.28,1,MEDIUM
73.9,98.0,88.1,8.57,0,LOW
86.6,74.5,69.2,5.88,0,MEDIUM
83.8,47.3,84.8,6.94,0,MEDIUM
57.1,59.5,100.0,6.54,1,HIGH
93.7,83.3,73.5,7.44,1,MEDIUM
92.6,98.0,80.5,9.9,1,MEDIUM
68.5,44.2,64.7,4.32,1,HIGH
80.7,39.8,77.5,5.11,0,HIGH
81.9,96.1,81.4,8.59,0,LOW
79.1,73.8,77.7,7.68,0,LOW
69.4,55.0,60.7,5.8,0,HIGH
67.9,76.0,77.9,6.16,1,MEDIUM
75.7,28.5,95.5,4.05,0,HIGH
90.1,68.1,81.3,7.6,1,MEDIUM
82.5,72.9,88.5,7.08,0,LOW
71.6,81.9,71.7,8.35,0,MEDIUM
85.3,52.8,85.5,4.86,1,HIGH
41.8,69.3,78.9,6.83,0,HIGH
89.8,54.1,61.7,5.29,0,MEDIUM
55.1,71.8,79.5,7.63,1,HIGH
71.7,54.6,61.1,5.85,1,HIGH
62.6,61.9,66.1,6.88,0,HIGH
60.5,53.1,77.7,6.58,0,HIGH
89.9,77.8,79.2,8.0,0,LOW
70.4,80.9,58.4,7.88,0,MEDIUM
80.2,64.5,89.8,5.72,0,MEDIUM
75.4,68.6,83.0,6.8,0,MEDIUM
81.7,46.3,65.1,4.81,1,HIGH
76.9,63.5,53.5,6.17,1,MEDIUM
60.6,67.2,73.0,6.41,0,HIGH
88.0,98.0,68.8,8.08,0,LOW
70.1,51.3,76.6,4.03,0,HIGH
57.3,90.0,69.9,7.76,0,MEDIUM
70.9,83.0,46.9,7.96,0,MEDIUM
94.0,72.2,69.6,5.98,2,HIGH
86.2,94.4,70.7,8.62,2,MEDIUM
71.8,73.6,83.9,8.67,1,MEDIUM
71.8,73.8,65.2,7.99,0,MEDIUM
72.1,67.2,98.5,8.02,0,LOW
99.0,86.4,48.2,8.36,1,MEDIUM
80.6,84.4,93.4,8.85,1,MEDIUM
81.2,58.6,71.9,5.52,4,HIGH
88.4,48.2,87.0,4.86,0,MEDIUM
78.9,65.0,76.1,4.36,0,MEDIUM
72.9,56.0,91.0,6.87,1,HIGH
73.6,67.0,69.6,7.93,1,MEDIUM
75.1,86.6,59.6,7.62,0,LOW
75.6,61.1,94.9,6.08,1,MEDIUM
84.7,67.4,73.4,6.11,0,LOW
76.6,68.9,78.1,7.13,0,LOW
84.8,80.7,92.3,8.55,0,LOW
75.0,34.3,60.6,4.0,1,HIGH
76.9,58.9,83.3,6.45,1,MEDIUM
52.0,71.2,66.7,6.76,1,HIGH
87.0,86.0,73.1,8.11,1,MEDIUM
80.2,60.6,76.0,6.61,0,LOW
88.0,39.9,54.0,4.64,1,HIGH
41.2,77.3,64.1,7.33,0,MEDIUM
99.0,58.5,93.9,5.92,0,MEDIUM
74.3,50.2,87.4,6.29,2,HIGH
89.3,58.6,74.1,6.44,0,MEDIUM
63.5,65.2,78.4,6.74,2,HIGH
83.4,58.9,70.9,5.11,0,MEDIUM
63.4,34.9,94.0,4.14,1,HIGH
68.5,81.5,72.2,8.42,0,MEDIUM
99.0,87.1,78.2,8.13,2,HIGH
73.7,77.8,91.0,7.97,0,LOW
78.6,50.9,64.1,6.98,1,MEDIUM
86.4,65.0,96.8,7.38,2,HIGH
81.9,67.9,53.6,6.83,3,HIGH
77.8,77.0,97.8,6.98,1,MEDIUM
80.4,78.0,69.8,5.42,0,MEDIUM
99.0,57.0,71.6,5.85,1,MEDIUM
75.3,69.2,48.5,6.59,0,MEDIUM
78.4,74.9,68.6,7.55,2,MEDIUM
88.6,89.8,60.4,8.17,2,MEDIUM
89.3,78.6,66.5,7.24,1,MEDIUM
90.2,79.8,73.1,6.16,0,LOW
83.7,69.3,88.4,6.1,0,LOW
62.3,89.2,77.9,8.62,0,MEDIUM
95.6,74.1,79.3,8.56,0,LOW
62.2,55.1,59.7,5.78,2,HIGH
79.6,89.1,62.7,8.5,1,MEDIUM
66.9,78.5,100.0,8.25,0,MEDIUM
75.2,61.4,64.7,5.65,1,MEDIUM
79.9,60.8,98.2,6.55,0,LOW
79.9,72.4,71.6,6.48,1,MEDIUM
81.1,74.9,75.0,7.94,1,MEDIUM
95.4,71.0,90.0,7.09,0,LOW
81.4,72.7,92.8,7.33,0,LOW
73.1,93.5,73.4,7.92,1,MEDIUM
87.6,84.1,69.6,8.45,0,LOW
90.3,70.9,74.2,8.63,2,MEDIUM
61.3,82.1,79.7,6.94,0,HIGH
83.2,52.5,87.5,5.4,1,HIGH
84.4,74.0,75.1,7.36,1,MEDIUM
72.4,95.1,83.7,9.29,1,MEDIUM
92.5,64.7,97.9,6.08,0,MEDIUM
74.2,55.3,80.3,4.0,0,HIGH
77.5,58.2,79.4,7.16,0,LOW
73.9,51.7,53.7,6.22,0,MEDIUM
76.2,56.2,38.2,4.54,0,HIGH
62.8,62.4,80.4,5.88,1,HIGH
58.7,46.9,73.7,6.54,1,HIGH
95.1,68.2,67.8,7.93,0,LOW
65.8,81.5,78.4,8.46,0,MEDIUM
64.1,54.4,74.2,5.67,0,HIGH
50.2,90.8,90.8,8.42,0,MEDIUM
68.3,75.7,76.2,7.19,0,MEDIUM
60.1,83.5,64.5,8.74,0,MEDIUM
95.7,58.1,88.9,5.37,0,HIGH
88.1,80.8,72.0,7.01,1,MEDIUM
67.7,51.6,82.4,6.42,0,MEDIUM
99.0,81.4,68.3,7.66,0,LOW
87.8,70.6,65.9,8.04,0,LOW
72.1,76.3,76.2,6.8,1,MEDIUM
46.0,50.4,75.2,5.48,0,HIGH
99.0,54.6,81.7,5.08,0,MEDIUM
59.3,77.0,71.2,7.39,1,HIGH
56.3,53.8,49.3,4.58,1,HIGH
88.3,74.9,68.9,6.86,2,HIGH
99.0,47.5,86.1,4.18,1,HIGH
92.6,80.7,70.8,8.21,2,MEDIUM
82.8,49.5,71.6,6.04,1,MEDIUM
83.1,76.3,88.8,5.96,0,MEDIUM
86.2,77.4,65.0,8.48,0,LOW
85.1,57.5,53.4,8.03,1,MEDIUM
79.4,76.7,72.8,7.41,0,LOW
77.3,71.9,68.2,6.52,1,MEDIUM
75.2,59.9,61.5,8.45,0,LOW
67.0,52.9,72.5,4.65,0,HIGH
72.6,38.6,81.9,4.72,0,HIGH
55.7,73.2,74.9,7.27,0,MEDIUM
74.8,44.5,79.3,6.19,0,HIGH
64.1,69.4,100.0,7.15,2,HIGH
62.8,64.0,70.2,6.08,0,MEDIUM
78.2,78.2,78.9,6.71,0,LOW
92.7,63.5,67.9,6.17,1,MEDIUM
87.0,63.1,63.2,5.61,0,MEDIUM
57.2,79.0,66.8,7.57,1,HIGH
64.1,73.0,68.3,6.66,0,HIGH
87.3,72.7,80.0,5.9,2,HIGH
64.2,75.0,100.0,8.26,1,HIGH
73.3,45.0,65.0,4.75,1,HIGH
82.6,79.4,69.2,6.54,4,HIGH
64.4,77.2,74.1,7.27,0,MEDIUM
77.3,52.7,80.5,5.75,0,MEDIUM
60.0,64.3,78.7,5.11,2,HIGH
68.8,67.4,93.0,6.98,4,HIGH
79.8,66.0,41.0,5.78,0,MEDIUM
56.9,73.0,41.6,8.48,0,HIGH
81.3,89.5,68.1,8.68,0,LOW
75.8,84.2,90.4,7.58,1,MEDIUM
82.6,48.3,53.1,4.79,2,HIGH
78.7,77.3,32.9,7.33,0,LOW
92.4,87.9,83.0,8.65,0,LOW
77.5,73.8,78.4,7.15,0,LOW
70.8,84.4,59.7,7.73,0,MEDIUM
77.5,98.0,61.2,8.91,0,LOW
82.5,83.4,61.4,7.35,0,LOW
76.6,71.7,76.5,6.75,0,LOW
76.5,83.7,66.2,6.19,1,MEDIUM
67.6,70.2,81.9,7.69,0,MEDIUM
68.0,68.4,35.0,7.02,0,MEDIUM
59.2,62.7,63.0,5.77,1,HIGH
97.0,91.5,59.2,9.9,0,LOW
61.1,55.7,71.4,5.97,1,HIGH
67.7,91.0,67.5,7.54,1,MEDIUM
67.4,75.5,86.2,7.97,0,MEDIUM
86.7,47.0,49.0,5.61,0,HIGH
72.5,73.5,75.6,7.46,1,MEDIUM
91.0,36.5,82.8,4.21,0,HIGH
67.9,77.4,100.0,7.78,0,MEDIUM
79.3,81.3,68.3,7.48,0,LOW
66.0,59.1,79.5,6.58,0,MEDIUM
99.0,69.9,49.7,5.37,1,HIGH
61.7,97.3,41.5,8.46,0,HIGH
79.7,60.4,86.8,7.61,0,LOW
83.6,52.1,74.9,5.03,1,HIGH
81.0,90.2,91.5,7.83,0,LOW
73.8,97.4,55.8,8.46,0,LOW
74.4,68.1,82.3,5.79,2,HIGH
76.5,83.2,100.0,6.06,0,LOW
74.2,88.1,80.9,7.98,0,MEDIUM
87.6,56.9,78.9,6.09,1,MEDIUM
99.0,60.7,75.1,6.21,2,HIGH
69.3,86.5,53.0,7.94,1,MEDIUM
59.6,93.3,94.0,8.56,1,HIGH
74.9,76.4,66.4,8.17,0,MEDIUM
99.0,54.8,82.1,5.68,1,HIGH
66.4,97.8,53.1,8.39,0,MEDIUM
95.7,60.0,58.5,5.98,1,MEDIUM
96.1,63.0,95.1,6.87,0,MEDIUM
69.4,73.1,70.1,8.25,0,MEDIUM
82.8,91.3,95.3,7.89,0,LOW
95.5,80.8,73.9,7.74,0,LOW
71.5,74.2,49.2,7.47,0,MEDIUM
73.6,74.9,87.5,6.45,0,LOW
69.0,68.7,66.7,6.82,0,MEDIUM
63.8,76.4,84.8,6.17,0,HIGH
68.2,30.1,75.4,4.0,1,HIGH
61.3,63.6,53.4,6.74,2,HIGH
76.4,71.6,77.3,6.71,1,MEDIUM
66.8,50.7,100.0,5.71,0,HIGH
78.8,73.8,81.9,7.15,0,LOW
57.3,64.9,74.2,5.76,1,HIGH
80.0,94.3,90.1,8.57,1,MEDIUM
86.0,91.6,77.9,7.43,1,MEDIUM
52.1,61.0,77.9,7.38,0,MEDIUM
80.5,65.7,59.7,5.52,0,MEDIUM
90.7,66.9,78.3,6.53,2,HIGH
61.5,61.2,89.5,5.45,1,HIGH
96.1,70.9,63.3,7.42,0,LOW
81.0,56.6,94.9,5.7,0,MEDIUM
67.5,51.0,73.7,5.16,0,HIGH
75.3,77.3,62.6,8.1,0,LOW
82.7,77.4,89.0,7.44,0,LOW
76.9,55.9,71.0,6.33,1,MEDIUM
82.5,81.4,85.6,6.92,0,LOW
65.0,58.5,70.9,4.97,0,HIGH
78.0,71.8,74.2,7.11,0,LOW
59.0,80.3,81.9,7.37,0,MEDIUM
74.7,67.5,79.1,7.23,0,LOW
65.2,74.8,47.1,7.17,0,MEDIUM
67.2,60.3,59.3,6.38,2,HIGH
90.8,65.1,88.0,5.26,0,MEDIUM
89.1,64.9,73.2,8.05,0,LOW
83.3,56.8,67.7,5.84,1,HIGH
62.9,65.3,56.0,7.13,0,MEDIUM
72.2,44.8,59.9,4.47,1,HIGH
90.6,60.6,46.7,6.49,0,MEDIUM
77.7,63.7,73.6,5.42,0,LOW
99.0,64.2,66.6,6.85,0,LOW
80.7,64.4,61.5,6.22,0,LOW
78.3,67.1,74.0,6.72,0,MEDIUM
72.3,75.2,80.1,7.82,0,LOW
77.6,81.1,100.0,6.69,0,LOW
74.2,58.3,53.8,5.53,1,HIGH
84.5,50.0,91.2,5.86,0,HIGH
87.5,52.4,88.6,7.34,1,MEDIUM
66.6,60.7,64.1,6.14,1,MEDIUM
60.0,62.7,77.8,6.86,0,HIGH
54.0,56.5,68.6,5.87,1,HIGH
82.1,48.6,77.6,6.95,0,MEDIUM
62.8,61.2,96.1,4.88,1,HIGH
50.2,70.7,83.5,7.03,3,HIGH
80.7,76.9,82.1,6.08,1,MEDIUM
99.0,59.6,69.0,4.17,0,MEDIUM
75.9,61.8,54.2,6.56,0,LOW
86.1,54.1,72.1,5.9,0,MEDIUM
77.0,67.5,91.9,6.5,1,MEDIUM
74.8,55.3,53.6,5.78,0,HIGH
87.0,76.6,60.2,9.84,1,MEDIUM
72.5,41.2,76.8,4.68,0,HIGH
79.2,62.6,61.2,6.79,0,LOW
79.9,72.5,63.9,6.56,0,LOW
68.0,70.8,69.1,7.19,1,MEDIUM
87.9,98.0,55.9,8.67,1,MEDIUM
73.9,73.2,61.4,6.8,0,MEDIUM
66.9,52.9,84.8,7.16,1,MEDIUM
82.4,66.6,56.7,7.6,0,LOW
65.2,41.4,52.6,5.0,0,HIGH
76.3,66.8,66.2,4.83,0,MEDIUM
75.9,55.5,85.2,5.6,0,MEDIUM
89.0,81.7,72.2,9.88,0,LOW
81.7,59.8,68.5,6.0,0,MEDIUM
75.7,66.2,75.6,7.52,0,LOW
85.8,58.5,50.6,7.25,1,MEDIUM
92.7,94.1,81.9,8.76,0,LOW
82.7,63.2,80.4,5.75,1,MEDIUM
76.1,95.5,69.3,6.74,0,LOW
60.3,80.2,89.1,8.16,0,MEDIUM
63.2,75.2,59.2,6.61,0,HIGH
72.3,73.5,90.8,7.29,0,LOW
68.7,73.9,77.2,6.17,0,MEDIUM
73.8,39.1,70.3,4.52,1,HIGH
76.7,63.8,74.7,6.49,0,LOW
82.4,80.7,73.5,7.86,1,MEDIUM
75.2,67.3,92.1,5.82,1,MEDIUM
81.8,46.9,59.9,6.24,0,MEDIUM
76.8,67.2,64.3,6.23,0,LOW
52.3,93.6,89.5,7.21,0,MEDIUM
64.7,86.7,66.7,7.98,1,MEDIUM
74.3,67.1,87.6,6.72,0,MEDIUM
61.5,82.3,98.8,7.89,2,HIGH
83.2,62.5,69.4,7.46,1,MEDIUM
94.4,42.4,84.5,4.78,0,HIGH
90.6,54.1,58.8,5.69,0,MEDIUM
73.4,91.4,85.6,7.52,2,HIGH
93.9,63.9,77.8,7.13,0,LOW
77.8,64.3,81.6,6.65,0,LOW
72.0,63.5,66.0,6.11,0,MEDIUM
68.6,96.6,51.7,7.24,0,MEDIUM
72.4,92.4,82.0,9.62,0,MEDIUM
71.3,98.0,46.1,7.88,1,MEDIUM
78.0,65.6,70.6,6.12,0,LOW
77.9,72.4,88.2,7.36,0,LOW
76.0,45.3,77.7,4.21,0,HIGH
81.2,90.2,100.0,7.12,0,LOW
90.3,50.5,89.4,4.0,2,HIGH
87.4,71.3,65.8,7.56,0,LOW
58.2,51.5,75.4,5.17,1,HIGH
45.4,59.2,74.3,8.48,1,HIGH
87.2,55.4,52.8,5.09,1,HIGH
59.6,58.9,61.8,5.38,2,HIGH
73.3,59.9,67.1,5.74,2,HIGH
62.0,59.8,46.5,6.38,0,HIGH
54.4,80.5,75.7,7.26,0,MEDIUM
82.5,51.4,71.5,6.09,0,MEDIUM
85.1,71.3,51.6,6.21,0,LOW
69.1,86.3,80.7,6.93,1,MEDIUM
44.9,60.3,85.0,4.78,1,HIGH
69.4,57.2,78.2,4.23,0,HIGH
80.7,64.5,70.5,6.1,0,LOW
58.3,85.7,83.3,7.76,0,MEDIUM
78.2,70.9,84.5,6.46,0,LOW
75.8,60.0,79.3,7.2,0,LOW
83.0,75.3,63.5,8.25,0,LOW
77.4,51.5,78.9,5.33,2,HIGH
64.3,78.2,91.7,6.04,1,HIGH
90.4,74.1,66.6,6.74,0,LOW
74.1,63.4,100.0,5.96,2,HIGH
75.7,55.4,67.6,5.35,0,MEDIUM
64.8,54.7,75.5,5.27,0,HIGH
70.7,76.0,65.6,6.8,0,MEDIUM
65.4,86.4,78.1,7.74,1,MEDIUM
73.9,58.4,50.6,5.58,2,HIGH
96.5,74.9,67.4,7.41,1,MEDIUM
59.5,36.7,59.7,4.86,0,HIGH
56.6,59.2,76.9,5.42,1,HIGH
93.7,67.5,88.9,7.74,0,LOW
73.5,54.4,84.0,5.02,2,HIGH
68.0,54.0,41.8,4.48,1,HIGH
88.5,58.0,100.0,6.36,0,MEDIUM
68.7,72.4,79.1,6.41,0,MEDIUM
97.9,65.2,64.1,6.82,1,MEDIUM
84.1,34.4,77.2,4.0,0,HIGH
70.1,36.2,77.5,5.65,0,HIGH
99.0,58.9,65.7,6.66,1,MEDIUM
68.7,74.9,77.8,6.04,0,MEDIUM
84.9,26.8,66.5,4.0,0,HIGH
79.6,60.5,69.3,7.57,1,MEDIUM
91.6,60.1,65.4,5.62,1,MEDIUM
94.7,88.8,54.9,7.55,0,LOW
76.4,62.2,77.0,4.54,3,HIGH
67.0,73.7,83.2,6.88,1,MEDIUM
81.5,70.1,82.2,6.73,1,MEDIUM
67.9,36.0,86.5,5.1,1,HIGH
99.0,79.5,79.5,6.45,0,LOW
77.6,71.2,67.5,5.77,0,MEDIUM
71.6,75.6,86.8,7.65,1,MEDIUM
78.2,98.0,56.0,9.67,0,LOW
59.8,36.7,62.4,4.0,1,HIGH
64.3,93.9,61.5,9.44,1,HIGH
90.4,63.7,90.1,6.49,0,LOW
68.1,72.3,88.2,7.94,2,HIGH
63.4,67.3,81.8,6.66,1,HIGH
82.4,61.6,90.0,4.3,0,MEDIUM
90.2,59.5,62.7,6.04,0,MEDIUM
84.6,72.9,79.9,7.95,0,LOW
88.0,45.2,73.2,4.45,0,MEDIUM
66.9,79.3,86.9,7.24,0,MEDIUM
58.9,61.8,73.4,6.18,0,MEDIUM
94.0,51.0,69.6,4.0,0,MEDIUM
72.1,61.2,82.6,7.62,0,LOW
73.0,86.9,87.3,7.36,1,MEDIUM
91.9,60.0,65.6,6.6,1,MEDIUM
82.7,73.4,74.1,7.07,2,MEDIUM
81.5,57.0,60.2,7.0,0,MEDIUM
99.0,79.4,40.0,7.88,1,MEDIUM
68.3,78.3,77.8,7.29,2,HIGH
87.1,95.7,83.5,7.99,1,MEDIUM
76.7,65.4,78.7,7.21,0,LOW
79.2,78.0,47.7,5.96,1,HIGH
94.3,69.5,70.1,7.38,2,MEDIUM
82.1,87.4,43.9,7.24,1,MEDIUM
82.5,57.2,94.2,7.01,0,LOW
88.9,79.2,59.8,7.67,0,LOW
71.6,65.1,92.6,7.07,1,MEDIUM
65.9,67.0,88.2,6.76,1,MEDIUM
63.5,69.4,62.4,5.45,0,HIGH
52.4,71.8,59.1,6.34,1,HIGH
99.0,66.3,79.9,7.18,0,LOW
62.8,71.2,63.2,7.12,1,HIGH
73.3,91.7,76.4,9.36,0,LOW
72.7,82.8,68.2,8.12,1,MEDIUM
79.7,81.0,50.1,6.9,1,MEDIUM
85.8,61.2,43.8,5.64,0,MEDIUM
86.3,54.7,78.2,5.91,1,HIGH
69.0,82.3,67.1,5.91,2,HIGH
74.0,81.1,67.3,9.02,1,MEDIUM
79.4,90.1,84.7,8.66,1,MEDIUM
73.0,58.9,91.4,7.11,0,MEDIUM
95.3,64.6,71.2,5.25,1,MEDIUM
81.9,43.4,70.2,6.03,1,HIGH
84.8,62.1,82.0,8.13,2,MEDIUM
84.0,82.9,56.0,6.75,1,MEDIUM
90.1,61.0,78.1,6.89,0,LOW
78.2,77.6,82.7,7.43,0,LOW
60.4,65.1,84.5,5.32,1,HIGH
80.8,72.9,47.9,7.49,0,LOW
68.2,50.8,64.3,6.22,1,MEDIUM
69.7,69.3,62.7,6.37,2,HIGH
83.0,23.1,76.4,4.55,0,HIGH
90.9,65.2,81.7,5.23,0,MEDIUM
76.3,43.5,96.0,4.0,0,HIGH
79.7,86.1,68.1,8.14,1,MEDIUM
96.4,79.7,68.0,7.6,0,LOW
78.9,75.0,91.1,6.68,0,LOW
99.0,90.8,79.2,9.0,0,LOW
82.8,53.8,92.7,6.19,0,MEDIUM
54.9,94.2,79.0,9.28,1,HIGH
85.0,82.0,58.8,7.64,0,LOW
80.6,64.5,56.3,6.99,0,LOW
91.5,85.0,53.3,7.6,1,MEDIUM
84.1,51.4,84.3,7.24,0,LOW
74.3,55.6,91.6,5.24,1,HIGH
61.3,58.9,100.0,7.81,1,HIGH
73.5,60.1,86.8,6.23,2,HIGH
65.8,52.2,91.3,4.55,0,HIGH
69.0,86.3,66.9,9.14,0,MEDIUM
83.1,64.1,58.8,6.59,1,MEDIUM
96.0,73.3,86.9,7.81,2,MEDIUM
80.7,59.4,80.8,7.14,0,LOW
61.6,40.7,76.5,5.12,1,HIGH
81.3,72.1,80.4,6.57,1,MEDIUM
90.4,39.3,79.5,5.53,0,HIGH
68.7,67.0,93.0,6.69,0,MEDIUM
74.4,47.5,93.1,5.87,0,HIGH
76.2,97.8,82.6,7.12,1,MEDIUM
66.6,81.7,86.8,8.07,0,MEDIUM
83.8,69.6,82.2,6.36,1,MEDIUM
74.5,87.0,68.5,9.41,0,LOW
81.0,55.3,85.6,6.37,0,MEDIUM
65.4,76.2,55.5,7.52,0,MEDIUM
70.8,71.0,89.8,7.36,1,MEDIUM
84.7,72.0,58.3,6.24,1,MEDIUM
71.5,87.1,79.0,9.39,1,MEDIUM
96.7,79.0,63.2,9.12,0,LOW
71.2,72.3,82.7,7.38,0,MEDIUM
78.7,43.2,74.5,6.29,0,HIGH
87.2,53.6,52.7,5.3,0,MEDIUM
59.0,66.2,80.9,5.99,1,HIGH
54.9,69.4,66.9,6.89,1,HIGH
57.7,51.0,87.3,5.92,0,HIGH
91.2,98.0,75.0,8.54,0,LOW
69.4,90.7,80.5,8.78,4,HIGH
99.0,77.0,61.6,7.64,0,LOW
69.2,69.1,66.7,6.04,0,MEDIUM
78.2,64.8,68.6,6.95,0,LOW
94.5,53.7,87.0,6.45,0,MEDIUM
99.0,69.2,98.5,6.98,0,LOW
99.0,71.9,63.7,7.95,2,MEDIUM
90.5,49.4,90.1,4.48,1,HIGH
88.3,73.0,44.6,7.49,0,LOW
83.1,65.7,58.3,5.66,1,MEDIUM
